Handle,Title,Body (HTML),Vendor,Product Category,Type,Tags,Published,Option1 Name,Option1 Value,Option2 Name,Option2 Value,Option3 Name,Option3 Value,Variant SKU,Variant Grams,Variant Inventory Tracker,Variant Inventory Qty,Variant Inventory Policy,Variant Fulfillment Service,Variant Price,Variant Compare At Price,Variant Requires Shipping,Variant Taxable,Variant Barcode,Image Src,Image Position,Image Alt Text,Gift Card,SEO Title,SEO Description,Google Shopping / Google Product Category,Google Shopping / Gender,Google Shopping / Age Group,Google Shopping / MPN,Google Shopping / AdWords Grouping,Google Shopping / AdWords Labels,Google Shopping / Condition,Google Shopping / Custom Product,Google Shopping / Custom Label 0,Google Shopping / Custom Label 1,Google Shopping / Custom Label 2,Google Shopping / Custom Label 3,Google Shopping / Custom Label 4,Variant Image,Variant Weight Unit,Variant Tax Code,Cost per item,Price / International,Compare At Price / International,Status
scuderia-ferrari-wled-light-box,Scuderia Ferrari F1 WLED Light Box,"<p>Illuminate your space with the glowing prancing horse. Features addressable WLED lighting with remote and app control, custom carbon-style framing, and acrylic panels.</p>",PITWALL,,WLED Light Boxes,"Ferrari, Light Box, WLED, Best Seller",true,Title,Default Title,,,,,,,shopify,100,deny,manual,4499.0,,true,true,,https://cdn.shopify.com/s/files/1/0843/9672/0474/files/wled_light_boxes.png,1,Scuderia Ferrari F1 WLED Light Box,false,,,,,,,,,,,,,,,,,,,,,,active
red-bull-racing-wled-light-box,Red Bull Racing F1 WLED Light Box,"<p>Drenched in racing energy, this high-fidelity WLED acrylic light box shines in classic charging bull styling with speed animation modes.</p>",PITWALL,,WLED Light Boxes,"Red Bull, Light Box, WLED",true,Title,Default Title,,,,,,,shopify,100,deny,manual,4499.0,,true,true,,https://cdn.shopify.com/s/files/1/0843/9672/0474/files/wled_light_boxes.png,1,Red Bull Racing F1 WLED Light Box,false,,,,,,,,,,,,,,,,,,,,,,active
mclaren-f1-wled-light-box,McLaren F1 WLED Light Box,<p>Papaya pride on your wall. High-precision laser-cut acrylic with custom addressable LED tracks simulating speed telemetry.</p>,PITWALL,,WLED Light Boxes,"McLaren, Light Box, WLED",true,Title,Default Title,,,,,,,shopify,100,deny,manual,4499.0,,true,true,,https://cdn.shopify.com/s/files/1/0843/9672/0474/files/wled_light_boxes.png,1,McLaren F1 WLED Light Box,false,,,,,,,,,,,,,,,,,,,,,,active
mercedes-f1-wled-light-box,Mercedes-AMG F1 WLED Light Box,<p>Brushed black and neon teal framing highlighting the silver star logo with dynamic pulse modes.</p>,PITWALL,,WLED Light Boxes,"Mercedes, Light Box, WLED",true,Title,Default Title,,,,,,,shopify,100,deny,manual,4499.0,,true,true,,https://cdn.shopify.com/s/files/1/0843/9672/0474/files/wled_light_boxes.png,1,Mercedes-AMG F1 WLED Light Box,false,,,,,,,,,,,,,,,,,,,,,,active
monaco-circuit-wled-light-box,Monaco GP Track Silhouette WLED Light Box,<p>The legendary streets of Monte Carlo outlined in neon speed dashes. Sound-reactive WLED layout.</p>,PITWALL,,WLED Light Boxes,"Track Art, Light Box, WLED, Monaco",true,Title,Default Title,,,,,,,shopify,100,deny,manual,5499.0,,true,true,,https://cdn.shopify.com/s/files/1/0843/9672/0474/files/wled_light_boxes.png,1,Monaco GP Track Silhouette WLED Light Box,false,,,,,,,,,,,,,,,,,,,,,,active
scuderia-ferrari-sf-24,Scuderia Ferrari SF-24 Scale Model Car,"<p>Premium collectible replica of the Scuderia Ferrari SF-24. High precision die-cast chassis with carbon details, steerable rubber tyres, and authentic race livery.</p>",PITWALL,,Car Models,"Ferrari, SF-24, Model Car, Scale Model",true,Scale,1:64,Stand Option,None,,,CAR-164-NON-SCUD,,shopify,50,deny,,1499.7,,true,true,,https://cdn.shopify.com/s/files/1/0843/9672/0474/files/ferrari.png,1,,,,,,,,,,,,,,,,,,,,,,,,active
scuderia-ferrari-sf-24,Scuderia Ferrari SF-24 Scale Model Car,"<p>Premium collectible replica of the Scuderia Ferrari SF-24. High precision die-cast chassis with carbon details, steerable rubber tyres, and authentic race livery.</p>",PITWALL,,Car Models,"Ferrari, SF-24, Model Car, Scale Model",true,Scale,1:64,Stand Option,Desk Stand,,,CAR-164-DES-SCUD,,shopify,50,deny,,2498.7,,true,true,,,,,,,,,,,,,,,,,,,,,,,,,,,active
scuderia-ferrari-sf-24,Scuderia Ferrari SF-24 Scale Model Car,"<p>Premium collectible replica of the Scuderia Ferrari SF-24. High precision die-cast chassis with carbon details, steerable rubber tyres, and authentic race livery.</p>",PITWALL,,Car Models,"Ferrari, SF-24, Model Car, Scale Model",true,Scale,1:24,Stand Option,None,,,CAR-124-NON-SCUD,,shopify,50,deny,,3499.3,,true,true,,,,,,,,,,,,,,,,,,,,,,,,,,,active
scuderia-ferrari-sf-24,Scuderia Ferrari SF-24 Scale Model Car,"<p>Premium collectible replica of the Scuderia Ferrari SF-24. High precision die-cast chassis with carbon details, steerable rubber tyres, and authentic race livery.</p>",PITWALL,,Car Models,"Ferrari, SF-24, Model Car, Scale Model",true,Scale,1:24,Stand Option,Desk Stand,,,CAR-124-DES-SCUD,,shopify,50,deny,,4498.3,,true,true,,,,,,,,,,,,,,,,,,,,,,,,,,,active
scuderia-ferrari-sf-24,Scuderia Ferrari SF-24 Scale Model Car,"<p>Premium collectible replica of the Scuderia Ferrari SF-24. High precision die-cast chassis with carbon details, steerable rubber tyres, and authentic race livery.</p>",PITWALL,,Car Models,"Ferrari, SF-24, Model Car, Scale Model",true,Scale,1:18,Stand Option,None,,,CAR-118-NON-SCUD,,shopify,50,deny,,4999.0,,true,true,,,,,,,,,,,,,,,,,,,,,,,,,,,active
scuderia-ferrari-sf-24,Scuderia Ferrari SF-24 Scale Model Car,"<p>Premium collectible replica of the Scuderia Ferrari SF-24. High precision die-cast chassis with carbon details, steerable rubber tyres, and authentic race livery.</p>",PITWALL,,Car Models,"Ferrari, SF-24, Model Car, Scale Model",true,Scale,1:18,Stand Option,Desk Stand,,,CAR-118-DES-SCUD,,shopify,50,deny,,5998.0,,true,true,,,,,,,,,,,,,,,,,,,,,,,,,,,active
scuderia-ferrari-sf-24,Scuderia Ferrari SF-24 Scale Model Car,"<p>Premium collectible replica of the Scuderia Ferrari SF-24. High precision die-cast chassis with carbon details, steerable rubber tyres, and authentic race livery.</p>",PITWALL,,Car Models,"Ferrari, SF-24, Model Car, Scale Model",true,Scale,1:8,Stand Option,None,,,CAR-18-NON-SCUD,,shopify,50,deny,,27494.5,,true,true,,,,,,,,,,,,,,,,,,,,,,,,,,,active
scuderia-ferrari-sf-24,Scuderia Ferrari SF-24 Scale Model Car,"<p>Premium collectible replica of the Scuderia Ferrari SF-24. High precision die-cast chassis with carbon details, steerable rubber tyres, and authentic race livery.</p>",PITWALL,,Car Models,"Ferrari, SF-24, Model Car, Scale Model",true,Scale,1:8,Stand Option,Desk Stand,,,CAR-18-DES-SCUD,,shopify,50,deny,,28493.5,,true,true,,,,,,,,,,,,,,,,,,,,,,,,,,,active
red-bull-racing-rb20,Red Bull Racing RB20 Scale Model Car,"<p>Premium collectible replica of the Red Bull Racing RB20. High precision die-cast chassis with carbon details, steerable rubber tyres, and authentic race livery.</p>",PITWALL,,Car Models,"Red Bull, RB20, Model Car, Scale Model",true,Scale,1:64,Stand Option,None,,,CAR-164-NON-RED-,,shopify,50,deny,,1499.7,,true,true,,https://cdn.shopify.com/s/files/1/0843/9672/0474/files/redbull.png,1,,,,,,,,,,,,,,,,,,,,,,,,active
red-bull-racing-rb20,Red Bull Racing RB20 Scale Model Car,"<p>Premium collectible replica of the Red Bull Racing RB20. High precision die-cast chassis with carbon details, steerable rubber tyres, and authentic race livery.</p>",PITWALL,,Car Models,"Red Bull, RB20, Model Car, Scale Model",true,Scale,1:64,Stand Option,Desk Stand,,,CAR-164-DES-RED-,,shopify,50,deny,,2498.7,,true,true,,,,,,,,,,,,,,,,,,,,,,,,,,,active
red-bull-racing-rb20,Red Bull Racing RB20 Scale Model Car,"<p>Premium collectible replica of the Red Bull Racing RB20. High precision die-cast chassis with carbon details, steerable rubber tyres, and authentic race livery.</p>",PITWALL,,Car Models,"Red Bull, RB20, Model Car, Scale Model",true,Scale,1:24,Stand Option,None,,,CAR-124-NON-RED-,,shopify,50,deny,,3499.3,,true,true,,,,,,,,,,,,,,,,,,,,,,,,,,,active
red-bull-racing-rb20,Red Bull Racing RB20 Scale Model Car,"<p>Premium collectible replica of the Red Bull Racing RB20. High precision die-cast chassis with carbon details, steerable rubber tyres, and authentic race livery.</p>",PITWALL,,Car Models,"Red Bull, RB20, Model Car, Scale Model",true,Scale,1:24,Stand Option,Desk Stand,,,CAR-124-DES-RED-,,shopify,50,deny,,4498.3,,true,true,,,,,,,,,,,,,,,,,,,,,,,,,,,active
red-bull-racing-rb20,Red Bull Racing RB20 Scale Model Car,"<p>Premium collectible replica of the Red Bull Racing RB20. High precision die-cast chassis with carbon details, steerable rubber tyres, and authentic race livery.</p>",PITWALL,,Car Models,"Red Bull, RB20, Model Car, Scale Model",true,Scale,1:18,Stand Option,None,,,CAR-118-NON-RED-,,shopify,50,deny,,4999.0,,true,true,,,,,,,,,,,,,,,,,,,,,,,,,,,active
red-bull-racing-rb20,Red Bull Racing RB20 Scale Model Car,"<p>Premium collectible replica of the Red Bull Racing RB20. High precision die-cast chassis with carbon details, steerable rubber tyres, and authentic race livery.</p>",PITWALL,,Car Models,"Red Bull, RB20, Model Car, Scale Model",true,Scale,1:18,Stand Option,Desk Stand,,,CAR-118-DES-RED-,,shopify,50,deny,,5998.0,,true,true,,,,,,,,,,,,,,,,,,,,,,,,,,,active
red-bull-racing-rb20,Red Bull Racing RB20 Scale Model Car,"<p>Premium collectible replica of the Red Bull Racing RB20. High precision die-cast chassis with carbon details, steerable rubber tyres, and authentic race livery.</p>",PITWALL,,Car Models,"Red Bull, RB20, Model Car, Scale Model",true,Scale,1:8,Stand Option,None,,,CAR-18-NON-RED-,,shopify,50,deny,,27494.5,,true,true,,,,,,,,,,,,,,,,,,,,,,,,,,,active
red-bull-racing-rb20,Red Bull Racing RB20 Scale Model Car,"<p>Premium collectible replica of the Red Bull Racing RB20. High precision die-cast chassis with carbon details, steerable rubber tyres, and authentic race livery.</p>",PITWALL,,Car Models,"Red Bull, RB20, Model Car, Scale Model",true,Scale,1:8,Stand Option,Desk Stand,,,CAR-18-DES-RED-,,shopify,50,deny,,28493.5,,true,true,,,,,,,,,,,,,,,,,,,,,,,,,,,active
mclaren-mcl38,McLaren MCL38 Scale Model Car,"<p>Premium collectible replica of the McLaren MCL38. High precision die-cast chassis with carbon details, steerable rubber tyres, and authentic race livery.</p>",PITWALL,,Car Models,"McLaren, MCL38, Model Car, Scale Model",true,Scale,1:64,Stand Option,None,,,CAR-164-NON-MCLA,,shopify,50,deny,,1499.7,,true,true,,https://cdn.shopify.com/s/files/1/0843/9672/0474/files/mclaren.png,1,,,,,,,,,,,,,,,,,,,,,,,,active
mclaren-mcl38,McLaren MCL38 Scale Model Car,"<p>Premium collectible replica of the McLaren MCL38. High precision die-cast chassis with carbon details, steerable rubber tyres, and authentic race livery.</p>",PITWALL,,Car Models,"McLaren, MCL38, Model Car, Scale Model",true,Scale,1:64,Stand Option,Desk Stand,,,CAR-164-DES-MCLA,,shopify,50,deny,,2498.7,,true,true,,,,,,,,,,,,,,,,,,,,,,,,,,,active
mclaren-mcl38,McLaren MCL38 Scale Model Car,"<p>Premium collectible replica of the McLaren MCL38. High precision die-cast chassis with carbon details, steerable rubber tyres, and authentic race livery.</p>",PITWALL,,Car Models,"McLaren, MCL38, Model Car, Scale Model",true,Scale,1:24,Stand Option,None,,,CAR-124-NON-MCLA,,shopify,50,deny,,3499.3,,true,true,,,,,,,,,,,,,,,,,,,,,,,,,,,active
mclaren-mcl38,McLaren MCL38 Scale Model Car,"<p>Premium collectible replica of the McLaren MCL38. High precision die-cast chassis with carbon details, steerable rubber tyres, and authentic race livery.</p>",PITWALL,,Car Models,"McLaren, MCL38, Model Car, Scale Model",true,Scale,1:24,Stand Option,Desk Stand,,,CAR-124-DES-MCLA,,shopify,50,deny,,4498.3,,true,true,,,,,,,,,,,,,,,,,,,,,,,,,,,active
mclaren-mcl38,McLaren MCL38 Scale Model Car,"<p>Premium collectible replica of the McLaren MCL38. High precision die-cast chassis with carbon details, steerable rubber tyres, and authentic race livery.</p>",PITWALL,,Car Models,"McLaren, MCL38, Model Car, Scale Model",true,Scale,1:18,Stand Option,None,,,CAR-118-NON-MCLA,,shopify,50,deny,,4999.0,,true,true,,,,,,,,,,,,,,,,,,,,,,,,,,,active
mclaren-mcl38,McLaren MCL38 Scale Model Car,"<p>Premium collectible replica of the McLaren MCL38. High precision die-cast chassis with carbon details, steerable rubber tyres, and authentic race livery.</p>",PITWALL,,Car Models,"McLaren, MCL38, Model Car, Scale Model",true,Scale,1:18,Stand Option,Desk Stand,,,CAR-118-DES-MCLA,,shopify,50,deny,,5998.0,,true,true,,,,,,,,,,,,,,,,,,,,,,,,,,,active
mclaren-mcl38,McLaren MCL38 Scale Model Car,"<p>Premium collectible replica of the McLaren MCL38. High precision die-cast chassis with carbon details, steerable rubber tyres, and authentic race livery.</p>",PITWALL,,Car Models,"McLaren, MCL38, Model Car, Scale Model",true,Scale,1:8,Stand Option,None,,,CAR-18-NON-MCLA,,shopify,50,deny,,27494.5,,true,true,,,,,,,,,,,,,,,,,,,,,,,,,,,active
mclaren-mcl38,McLaren MCL38 Scale Model Car,"<p>Premium collectible replica of the McLaren MCL38. High precision die-cast chassis with carbon details, steerable rubber tyres, and authentic race livery.</p>",PITWALL,,Car Models,"McLaren, MCL38, Model Car, Scale Model",true,Scale,1:8,Stand Option,Desk Stand,,,CAR-18-DES-MCLA,,shopify,50,deny,,28493.5,,true,true,,,,,,,,,,,,,,,,,,,,,,,,,,,active
mercedes-amg-w15,Mercedes-AMG W15 Scale Model Car,"<p>Premium collectible replica of the Mercedes-AMG W15. High precision die-cast chassis with carbon details, steerable rubber tyres, and authentic race livery.</p>",PITWALL,,Car Models,"Mercedes, W15, Model Car, Scale Model",true,Scale,1:64,Stand Option,None,,,CAR-164-NON-MERC,,shopify,50,deny,,1499.7,,true,true,,https://cdn.shopify.com/s/files/1/0843/9672/0474/files/mercedes.png,1,,,,,,,,,,,,,,,,,,,,,,,,active
mercedes-amg-w15,Mercedes-AMG W15 Scale Model Car,"<p>Premium collectible replica of the Mercedes-AMG W15. High precision die-cast chassis with carbon details, steerable rubber tyres, and authentic race livery.</p>",PITWALL,,Car Models,"Mercedes, W15, Model Car, Scale Model",true,Scale,1:64,Stand Option,Desk Stand,,,CAR-164-DES-MERC,,shopify,50,deny,,2498.7,,true,true,,,,,,,,,,,,,,,,,,,,,,,,,,,active
mercedes-amg-w15,Mercedes-AMG W15 Scale Model Car,"<p>Premium collectible replica of the Mercedes-AMG W15. High precision die-cast chassis with carbon details, steerable rubber tyres, and authentic race livery.</p>",PITWALL,,Car Models,"Mercedes, W15, Model Car, Scale Model",true,Scale,1:24,Stand Option,None,,,CAR-124-NON-MERC,,shopify,50,deny,,3499.3,,true,true,,,,,,,,,,,,,,,,,,,,,,,,,,,active
mercedes-amg-w15,Mercedes-AMG W15 Scale Model Car,"<p>Premium collectible replica of the Mercedes-AMG W15. High precision die-cast chassis with carbon details, steerable rubber tyres, and authentic race livery.</p>",PITWALL,,Car Models,"Mercedes, W15, Model Car, Scale Model",true,Scale,1:24,Stand Option,Desk Stand,,,CAR-124-DES-MERC,,shopify,50,deny,,4498.3,,true,true,,,,,,,,,,,,,,,,,,,,,,,,,,,active
mercedes-amg-w15,Mercedes-AMG W15 Scale Model Car,"<p>Premium collectible replica of the Mercedes-AMG W15. High precision die-cast chassis with carbon details, steerable rubber tyres, and authentic race livery.</p>",PITWALL,,Car Models,"Mercedes, W15, Model Car, Scale Model",true,Scale,1:18,Stand Option,None,,,CAR-118-NON-MERC,,shopify,50,deny,,4999.0,,true,true,,,,,,,,,,,,,,,,,,,,,,,,,,,active
mercedes-amg-w15,Mercedes-AMG W15 Scale Model Car,"<p>Premium collectible replica of the Mercedes-AMG W15. High precision die-cast chassis with carbon details, steerable rubber tyres, and authentic race livery.</p>",PITWALL,,Car Models,"Mercedes, W15, Model Car, Scale Model",true,Scale,1:18,Stand Option,Desk Stand,,,CAR-118-DES-MERC,,shopify,50,deny,,5998.0,,true,true,,,,,,,,,,,,,,,,,,,,,,,,,,,active
mercedes-amg-w15,Mercedes-AMG W15 Scale Model Car,"<p>Premium collectible replica of the Mercedes-AMG W15. High precision die-cast chassis with carbon details, steerable rubber tyres, and authentic race livery.</p>",PITWALL,,Car Models,"Mercedes, W15, Model Car, Scale Model",true,Scale,1:8,Stand Option,None,,,CAR-18-NON-MERC,,shopify,50,deny,,27494.5,,true,true,,,,,,,,,,,,,,,,,,,,,,,,,,,active
mercedes-amg-w15,Mercedes-AMG W15 Scale Model Car,"<p>Premium collectible replica of the Mercedes-AMG W15. High precision die-cast chassis with carbon details, steerable rubber tyres, and authentic race livery.</p>",PITWALL,,Car Models,"Mercedes, W15, Model Car, Scale Model",true,Scale,1:8,Stand Option,Desk Stand,,,CAR-18-DES-MERC,,shopify,50,deny,,28493.5,,true,true,,,,,,,,,,,,,,,,,,,,,,,,,,,active
monaco-gp-track-art,Monaco Grand Prix 2D Wood Wall Art,<p>Hand-finished multi-layer wooden track sculpture of Monte Carlo GP. Clean minimalist track art.</p>,PITWALL,,2D Wall Art,"Track Art, Wall Art, Monaco",true,Title,Default Title,,,,,,,shopify,100,deny,manual,2999.0,,true,true,,https://cdn.shopify.com/s/files/1/0843/9672/0474/files/wall_art.png,1,Monaco Grand Prix 2D Wood Wall Art,false,,,,,,,,,,,,,,,,,,,,,,active
silverstone-gp-track-art,Silverstone GP Track 2D Wood Wall Art,<p>The home of British motorsport laser-carved from sustainable birch wood with speed vector branding.</p>,PITWALL,,2D Wall Art,"Track Art, Wall Art, Silverstone",true,Title,Default Title,,,,,,,shopify,100,deny,manual,2999.0,,true,true,,https://cdn.shopify.com/s/files/1/0843/9672/0474/files/wall_art.png,1,Silverstone GP Track 2D Wood Wall Art,false,,,,,,,,,,,,,,,,,,,,,,active
ferrari-silhouette-wall-art,Ferrari F1 Silhouette 2D Metal Wall Art,"<p>Sleek, minimalist metal wall hanger outlining the gorgeous contours of the Scuderia Ferrari F1 chassis.</p>",PITWALL,,2D Wall Art,"Wall Art, Ferrari, Silhouette",true,Title,Default Title,,,,,,,shopify,100,deny,manual,3999.0,,true,true,,https://cdn.shopify.com/s/files/1/0843/9672/0474/files/wall_art.png,1,Ferrari F1 Silhouette 2D Metal Wall Art,false,,,,,,,,,,,,,,,,,,,,,,active
f1-track-keyholder-wall-mount,F1 Track Keyholder Wall Mount,<p>Dual-function F1 track outline equipped with magnetic carbon keyholders. Minimalist and practical wall storage.</p>,PITWALL,,2D Wall Art,"Wall Art, Keyholder, Accessories",true,Title,Default Title,,,,,,,shopify,100,deny,manual,1899.0,,true,true,,https://cdn.shopify.com/s/files/1/0843/9672/0474/files/wall_art.png,1,F1 Track Keyholder Wall Mount,false,,,,,,,,,,,,,,,,,,,,,,active
f1-steering-wheel-keychain,F1 Steering Wheel Metal Keychain,<p>Heavy-duty alloy miniature replica of a modern F1 steering wheel with dials and carbon texturing.</p>,PITWALL,,Keychains,"Keychain, Gift",true,Title,Default Title,,,,,,,shopify,100,deny,manual,499.0,,true,true,,https://cdn.shopify.com/s/files/1/0843/9672/0474/files/keychains.png,1,F1 Steering Wheel Metal Keychain,false,,,,,,,,,,,,,,,,,,,,,,active
f1-pirelli-tyre-keychain,F1 Pirelli Tyre Rubber Keychain,<p>Authentic miniature rubber tyre with yellow Soft lettering and rotating wheel rim.</p>,PITWALL,,Keychains,"Keychain, Gift",true,Title,Default Title,,,,,,,shopify,100,deny,manual,399.0,,true,true,,https://cdn.shopify.com/s/files/1/0843/9672/0474/files/keychains.png,1,F1 Pirelli Tyre Rubber Keychain,false,,,,,,,,,,,,,,,,,,,,,,active
f1-carbon-helmet-keychain,F1 Carbon Fiber Helmet Keychain,<p>Glossy miniature helmet with carbon pattern overlay and functional visor flip.</p>,PITWALL,,Keychains,"Keychain, Gift",true,Title,Default Title,,,,,,,shopify,100,deny,manual,599.0,,true,true,,https://cdn.shopify.com/s/files/1/0843/9672/0474/files/keychains.png,1,F1 Carbon Fiber Helmet Keychain,false,,,,,,,,,,,,,,,,,,,,,,active
f1-spinning-brake-disc-keychain,F1 Brake Disc Spinning Keychain,<p>Functional spinning metal keychain replica of the carbon-ceramic brake disc and red calliper.</p>,PITWALL,,Keychains,"Keychain, Gift",true,Title,Default Title,,,,,,,shopify,100,deny,manual,499.0,,true,true,,https://cdn.shopify.com/s/files/1/0843/9672/0474/files/keychains.png,1,F1 Brake Disc Spinning Keychain,false,,,,,,,,,,,,,,,,,,,,,,active
f1-front-wing-desk-stand,F1 Front Wing 1:8 Desk Stand,"<p>Premium miniature front wing model designed to stand as a desk decoration, detailing aerodynamic elements.</p>",PITWALL,,Desk Accessories,"Desk, Front Wing, Stand",true,Title,Default Title,,,,,,,shopify,100,deny,manual,2499.0,,true,true,,https://cdn.shopify.com/s/files/1/0843/9672/0474/files/desk_accessories.png,1,F1 Front Wing 1:8 Desk Stand,false,,,,,,,,,,,,,,,,,,,,,,active
f1-track-map-desk-stand,F1 Track Map Acrylic Desk Stand,"<p>Laser etched acrylic plate mapping the season calendar circuits, set in a weighted metal base.</p>",PITWALL,,Desk Accessories,"Desk, Track Map",true,Title,Default Title,,,,,,,shopify,100,deny,manual,1499.0,,true,true,,https://cdn.shopify.com/s/files/1/0843/9672/0474/files/desk_accessories.png,1,F1 Track Map Acrylic Desk Stand,false,,,,,,,,,,,,,,,,,,,,,,active
f1-brake-calliper-pen-holder,F1 Brake Calliper Miniature Pen Holder,<p>Detailed carbon disc caliper design milled out to hold up to 3 executive pens. Metal alloy build.</p>,PITWALL,,Desk Accessories,"Desk, Pen Holder",true,Title,Default Title,,,,,,,shopify,100,deny,manual,1999.0,,true,true,,https://cdn.shopify.com/s/files/1/0843/9672/0474/files/desk_accessories.png,1,F1 Brake Calliper Miniature Pen Holder,false,,,,,,,,,,,,,,,,,,,,,,active
f1-tyre-compound-coaster-set,F1 Tyre Compound Coaster Set,"<p>Set of 4 heavy rubber coasters molded to look like the Soft (Red), Medium (Yellow), Hard (White), and Wet (Blue) tyre compounds.</p>",PITWALL,,Desk Accessories,"Desk, Coasters",true,Title,Default Title,,,,,,,shopify,100,deny,manual,1299.0,,true,true,,https://cdn.shopify.com/s/files/1/0843/9672/0474/files/desk_accessories.png,1,F1 Tyre Compound Coaster Set,false,,,,,,,,,,,,,,,,,,,,,,active
f1-keycaps-cherry-mx-set,F1 Keycaps Cherry MX Set,<p>Custom double-shot PBT keycaps featuring standard racing fonts and speed indicators. Compatible with Cherry MX mechanical keyboards.</p>,PITWALL,,Desk Accessories,"Desk, Keycaps",true,Title,Default Title,,,,,,,shopify,100,deny,manual,999.0,,true,true,,https://cdn.shopify.com/s/files/1/0843/9672/0474/files/desk_accessories.png,1,F1 Keycaps Cherry MX Set,false,,,,,,,,,,,,,,,,,,,,,,active
f1-carbon-controller-stand,F1 Carbon Fiber Controller Stand,<p>Minimalist headset and game controller stand layered in genuine pre-preg carbon fiber look.</p>,PITWALL,,Desk Accessories,"Desk, Controller Stand",true,Title,Default Title,,,,,,,shopify,100,deny,manual,2299.0,,true,true,,https://cdn.shopify.com/s/files/1/0843/9672/0474/files/desk_accessories.png,1,F1 Carbon Fiber Controller Stand,false,,,,,,,,,,,,,,,,,,,,,,active
f1-pit-lane-layered-wood-art,F1 Pit Lane Layered Wood Art,<p>Staggered 3D laser-carved birch shadowbox showing the high-intensity action of a pit stop.</p>,PITWALL,,Layered Art,"Layered Art, Wood Art",true,Title,Default Title,,,,,,,shopify,100,deny,manual,5999.0,,true,true,,https://cdn.shopify.com/s/files/1/0843/9672/0474/files/layered_art.png,1,F1 Pit Lane Layered Wood Art,false,,,,,,,,,,,,,,,,,,,,,,active
f1-start-grid-3d-shadowbox,F1 Start Grid 3D Layered Shadowbox Art,<p>Five-star red lights start sequence layered in plexiglass and wood. Sound-reactive lights variant option.</p>,PITWALL,,Layered Art,"Layered Art, Shadowbox",true,Title,Default Title,,,,,,,shopify,100,deny,manual,6499.0,,true,true,,https://cdn.shopify.com/s/files/1/0843/9672/0474/files/layered_art.png,1,F1 Start Grid 3D Layered Shadowbox Art,false,,,,,,,,,,,,,,,,,,,,,,active
max-verstappen-collectible-figurine,Max Verstappen Collectible Figurine,<p>Collectible hand-painted miniature model of Max Verstappen in full racing overalls and helmet.</p>,PITWALL,,Driver Figurines,"Figurine, Max Verstappen, Collectible",true,Scale,1:64,,,,,FIG-164-MAX-,,shopify,80,deny,,1499.0,,true,true,,https://cdn.shopify.com/s/files/1/0843/9672/0474/files/driver_figurine.png,1,,,,,,,,,,,,,,,,,,,,,,,,active
max-verstappen-collectible-figurine,Max Verstappen Collectible Figurine,<p>Collectible hand-painted miniature model of Max Verstappen in full racing overalls and helmet.</p>,PITWALL,,Driver Figurines,"Figurine, Max Verstappen, Collectible",true,Scale,1:24,,,,,FIG-124-MAX-,,shopify,80,deny,,3499.0,,true,true,,,,,,,,,,,,,,,,,,,,,,,,,,,active
lewis-hamilton-collectible-figurine,Lewis Hamilton Collectible Figurine,<p>Collectible hand-painted miniature model of Lewis Hamilton in full racing overalls and helmet.</p>,PITWALL,,Driver Figurines,"Figurine, Lewis Hamilton, Collectible",true,Scale,1:64,,,,,FIG-164-LEWI,,shopify,80,deny,,1499.0,,true,true,,https://cdn.shopify.com/s/files/1/0843/9672/0474/files/driver_figurine.png,1,,,,,,,,,,,,,,,,,,,,,,,,active
lewis-hamilton-collectible-figurine,Lewis Hamilton Collectible Figurine,<p>Collectible hand-painted miniature model of Lewis Hamilton in full racing overalls and helmet.</p>,PITWALL,,Driver Figurines,"Figurine, Lewis Hamilton, Collectible",true,Scale,1:24,,,,,FIG-124-LEWI,,shopify,80,deny,,3499.0,,true,true,,,,,,,,,,,,,,,,,,,,,,,,,,,active
lando-norris-collectible-figurine,Lando Norris Collectible Figurine,<p>Collectible hand-painted miniature model of Lando Norris in full racing overalls and helmet.</p>,PITWALL,,Driver Figurines,"Figurine, Lando Norris, Collectible",true,Scale,1:64,,,,,FIG-164-LAND,,shopify,80,deny,,1499.0,,true,true,,https://cdn.shopify.com/s/files/1/0843/9672/0474/files/driver_figurine.png,1,,,,,,,,,,,,,,,,,,,,,,,,active
lando-norris-collectible-figurine,Lando Norris Collectible Figurine,<p>Collectible hand-painted miniature model of Lando Norris in full racing overalls and helmet.</p>,PITWALL,,Driver Figurines,"Figurine, Lando Norris, Collectible",true,Scale,1:24,,,,,FIG-124-LAND,,shopify,80,deny,,3499.0,,true,true,,,,,,,,,,,,,,,,,,,,,,,,,,,active
charles-leclerc-collectible-figurine,Charles Leclerc Collectible Figurine,<p>Collectible hand-painted miniature model of Charles Leclerc in full racing overalls and helmet.</p>,PITWALL,,Driver Figurines,"Figurine, Charles Leclerc, Collectible",true,Scale,1:64,,,,,FIG-164-CHAR,,shopify,80,deny,,1499.0,,true,true,,https://cdn.shopify.com/s/files/1/0843/9672/0474/files/driver_figurine.png,1,,,,,,,,,,,,,,,,,,,,,,,,active
charles-leclerc-collectible-figurine,Charles Leclerc Collectible Figurine,<p>Collectible hand-painted miniature model of Charles Leclerc in full racing overalls and helmet.</p>,PITWALL,,Driver Figurines,"Figurine, Charles Leclerc, Collectible",true,Scale,1:24,,,,,FIG-124-CHAR,,shopify,80,deny,,3499.0,,true,true,,,,,,,,,,,,,,,,,,,,,,,,,,,active
max-verstappen-1-2-scale-helmet,Max Verstappen 1:2 Scale Replica Helmet,"<p>Full details on this half-scale helmet replica of Max Verstappen racing wear, with opening visor and aero accessories.</p>",PITWALL,,Helmets,"Helmets, Max Verstappen, Replica",true,Title,Default Title,,,,,,,shopify,100,deny,manual,12999.0,,true,true,,https://cdn.shopify.com/s/files/1/0843/9672/0474/files/verstappen.png,1,Max Verstappen 1:2 Scale Replica Helmet,false,,,,,,,,,,,,,,,,,,,,,,active
max-verstappen-1-18-scale-car,Max Verstappen Red Bull Racing 1:18 Model Car,<p>1:18 Scale premium collector diecast model car featuring driver name details and racing number.</p>,PITWALL,,Car Models,"Car Models, Max Verstappen, Red Bull Racing",true,Title,Default Title,,,,,,,shopify,100,deny,manual,7499.0,,true,true,,https://cdn.shopify.com/s/files/1/0843/9672/0474/files/red.png,1,Max Verstappen Red Bull Racing 1:18 Model Car,false,,,,,,,,,,,,,,,,,,,,,,active
max-verstappen-signature-tshirt,Max Verstappen Signature Graphic T-Shirt,<p>Premium cotton graphic tee styled with modern typography and race elements celebrating Max Verstappen.</p>,PITWALL,,Apparel,"Apparel, Max Verstappen, T-Shirt",true,Title,Default Title,,,,,,,shopify,100,deny,manual,1999.0,,true,true,,https://cdn.shopify.com/s/files/1/0843/9672/0474/files/logo_new.png,1,Max Verstappen Signature Graphic T-Shirt,false,,,,,,,,,,,,,,,,,,,,,,active
max-verstappen-oracle-red-bull-cap,Max Verstappen Signature Team Cap,<p>Adjustable strap curve bill cap detailed with embroidered branding and the number of Max Verstappen.</p>,PITWALL,,Apparel,"Apparel, Max Verstappen, Cap",true,Title,Default Title,,,,,,,shopify,100,deny,manual,2499.0,,true,true,,https://cdn.shopify.com/s/files/1/0843/9672/0474/files/logo_new.png,1,Max Verstappen Signature Team Cap,false,,,,,,,,,,,,,,,,,,,,,,active
lewis-hamilton-1-2-scale-helmet,Lewis Hamilton 1:2 Scale Replica Helmet,"<p>Full details on this half-scale helmet replica of Lewis Hamilton racing wear, with opening visor and aero accessories.</p>",PITWALL,,Helmets,"Helmets, Lewis Hamilton, Replica",true,Title,Default Title,,,,,,,shopify,100,deny,manual,12999.0,,true,true,,https://cdn.shopify.com/s/files/1/0843/9672/0474/files/hamilton.png,1,Lewis Hamilton 1:2 Scale Replica Helmet,false,,,,,,,,,,,,,,,,,,,,,,active
lewis-hamilton-1-18-scale-car,Lewis Hamilton Mercedes AMG F1 1:18 Model Car,<p>1:18 Scale premium collector diecast model car featuring driver name details and racing number.</p>,PITWALL,,Car Models,"Car Models, Lewis Hamilton, Mercedes AMG F1",true,Title,Default Title,,,,,,,shopify,100,deny,manual,7499.0,,true,true,,https://cdn.shopify.com/s/files/1/0843/9672/0474/files/mercedes.png,1,Lewis Hamilton Mercedes AMG F1 1:18 Model Car,false,,,,,,,,,,,,,,,,,,,,,,active
lewis-hamilton-44-graphic-tshirt,Lewis Hamilton Signature Graphic T-Shirt,<p>Premium cotton graphic tee styled with modern typography and race elements celebrating Lewis Hamilton.</p>,PITWALL,,Apparel,"Apparel, Lewis Hamilton, T-Shirt",true,Title,Default Title,,,,,,,shopify,100,deny,manual,1999.0,,true,true,,https://cdn.shopify.com/s/files/1/0843/9672/0474/files/logo_new.png,1,Lewis Hamilton Signature Graphic T-Shirt,false,,,,,,,,,,,,,,,,,,,,,,active
lewis-hamilton-team-cap,Lewis Hamilton Signature Team Cap,<p>Adjustable strap curve bill cap detailed with embroidered branding and the number of Lewis Hamilton.</p>,PITWALL,,Apparel,"Apparel, Lewis Hamilton, Cap",true,Title,Default Title,,,,,,,shopify,100,deny,manual,2499.0,,true,true,,https://cdn.shopify.com/s/files/1/0843/9672/0474/files/logo_new.png,1,Lewis Hamilton Signature Team Cap,false,,,,,,,,,,,,,,,,,,,,,,active
lando-norris-1-2-scale-helmet,Lando Norris 1:2 Scale Replica Helmet,"<p>Full details on this half-scale helmet replica of Lando Norris racing wear, with opening visor and aero accessories.</p>",PITWALL,,Helmets,"Helmets, Lando Norris, Replica",true,Title,Default Title,,,,,,,shopify,100,deny,manual,12999.0,,true,true,,https://cdn.shopify.com/s/files/1/0843/9672/0474/files/norris.png,1,Lando Norris 1:2 Scale Replica Helmet,false,,,,,,,,,,,,,,,,,,,,,,active
lando-norris-1-18-scale-car,Lando Norris McLaren F1 1:18 Model Car,<p>1:18 Scale premium collector diecast model car featuring driver name details and racing number.</p>,PITWALL,,Car Models,"Car Models, Lando Norris, McLaren F1",true,Title,Default Title,,,,,,,shopify,100,deny,manual,7499.0,,true,true,,https://cdn.shopify.com/s/files/1/0843/9672/0474/files/mclaren.png,1,Lando Norris McLaren F1 1:18 Model Car,false,,,,,,,,,,,,,,,,,,,,,,active
lando-norris-ln4-graphic-tshirt,Lando Norris Signature Graphic T-Shirt,<p>Premium cotton graphic tee styled with modern typography and race elements celebrating Lando Norris.</p>,PITWALL,,Apparel,"Apparel, Lando Norris, T-Shirt",true,Title,Default Title,,,,,,,shopify,100,deny,manual,1999.0,,true,true,,https://cdn.shopify.com/s/files/1/0843/9672/0474/files/logo_new.png,1,Lando Norris Signature Graphic T-Shirt,false,,,,,,,,,,,,,,,,,,,,,,active
lando-norris-mclaren-cap,Lando Norris Signature Team Cap,<p>Adjustable strap curve bill cap detailed with embroidered branding and the number of Lando Norris.</p>,PITWALL,,Apparel,"Apparel, Lando Norris, Cap",true,Title,Default Title,,,,,,,shopify,100,deny,manual,2499.0,,true,true,,https://cdn.shopify.com/s/files/1/0843/9672/0474/files/logo_new.png,1,Lando Norris Signature Team Cap,false,,,,,,,,,,,,,,,,,,,,,,active
charles-leclerc-1-2-scale-helmet,Charles Leclerc 1:2 Scale Replica Helmet,"<p>Full details on this half-scale helmet replica of Charles Leclerc racing wear, with opening visor and aero accessories.</p>",PITWALL,,Helmets,"Helmets, Charles Leclerc, Replica",true,Title,Default Title,,,,,,,shopify,100,deny,manual,12999.0,,true,true,,https://cdn.shopify.com/s/files/1/0843/9672/0474/files/leclerc.png,1,Charles Leclerc 1:2 Scale Replica Helmet,false,,,,,,,,,,,,,,,,,,,,,,active
charles-leclerc-1-18-scale-car,Charles Leclerc Scuderia Ferrari 1:18 Model Car,<p>1:18 Scale premium collector diecast model car featuring driver name details and racing number.</p>,PITWALL,,Car Models,"Car Models, Charles Leclerc, Scuderia Ferrari",true,Title,Default Title,,,,,,,shopify,100,deny,manual,7499.0,,true,true,,https://cdn.shopify.com/s/files/1/0843/9672/0474/files/scuderia.png,1,Charles Leclerc Scuderia Ferrari 1:18 Model Car,false,,,,,,,,,,,,,,,,,,,,,,active
charles-leclerc-16-graphic-tshirt,Charles Leclerc Signature Graphic T-Shirt,<p>Premium cotton graphic tee styled with modern typography and race elements celebrating Charles Leclerc.</p>,PITWALL,,Apparel,"Apparel, Charles Leclerc, T-Shirt",true,Title,Default Title,,,,,,,shopify,100,deny,manual,1999.0,,true,true,,https://cdn.shopify.com/s/files/1/0843/9672/0474/files/logo_new.png,1,Charles Leclerc Signature Graphic T-Shirt,false,,,,,,,,,,,,,,,,,,,,,,active
charles-leclerc-scuderia-ferrari-cap,Charles Leclerc Signature Team Cap,<p>Adjustable strap curve bill cap detailed with embroidered branding and the number of Charles Leclerc.</p>,PITWALL,,Apparel,"Apparel, Charles Leclerc, Cap",true,Title,Default Title,,,,,,,shopify,100,deny,manual,2499.0,,true,true,,https://cdn.shopify.com/s/files/1/0843/9672/0474/files/logo_new.png,1,Charles Leclerc Signature Team Cap,false,,,,,,,,,,,,,,,,,,,,,,active
